feat_name,omics,imp
cg27091787,1,230.5173966668366
hsa-miR-423-3p,2,196.49142623358506
ENSG00000155980.6,0,191.3607924692522
ENSG00000117266.11,0,186.70213815353327
cg00398048,1,180.96479994446716
cg22518733,1,174.85935901420802
cg06946880,1,173.78635984515006
hsa-miR-33a,2,171.12346854463476
cg12447832,1,170.9725724944506
hsa-miR-362-3p,2,168.7694739005516
ENSG00000168743.8,0,162.21680769009592
cg02008416,1,155.26571819981862
hsa-miR-640,2,149.65807590539083
hsa-miR-491-5p,2,149.4073667528831
hsa-miR-873,2,146.626187420717
cg14387505,1,146.55962343470733
hsa-miR-206,2,139.56701088842703
hsa-miR-125a-5p,2,134.55360254421868
hsa-miR-106a_hsa-miR-17,2,132.83354841435883
hsa-miR-548b-3p,2,131.72281659642283
ENSG00000099194.4,0,129.75194481933542
hsa-miR-577,2,128.77649949280234
cg17385448,1,127.4331658238873
cg07232688,1,127.41726823079371
hsa-miR-340,2,126.66915605508832
ENSG00000204219.5,0,125.5486162649191
ENSG00000105643.3,0,121.03847681574554
cg01869233,1,116.07429382934167
cg25736482,1,115.99026571391477
ENSG00000182310.7,0,115.78814821427031
